{"cameraMode":{"drawMode":0,"name":"Shaded","section":"Shading Mode"},"sceneLighting":true,"audioPlay":false,"sceneViewState":{"m_AlwaysRefresh":false,"showFog":true,"showSkybox":true,"showFlares":true,"showImageEffects":true,"showParticleSystems":true,"showVisualEffectGraphs":true,"m_FxEnabled":true},"in2DMode":false,"pivot":{"x":3.0516140460968019,"y":1.655268669128418,"z":-120.1310806274414},"rotation":{"x":-0.07824037969112396,"y":0.01041084062308073,"z":-0.0014243541518226266,"w":-0.9971818923950195},"size":0.09363700449466706,"orthographic":false}